数据集,年份,范围,群体,指标,数值,单位,来源,备注
中国伤亡构成（1947国民政府报告）,1947,“国民政府控制区（不含台湾/东北/解放区等）”,军队,“军队伤亡合计”,3227926,人,“国民政府行政院报告（1947年2月），引自用户文本”,
中国伤亡构成（1947国民政府报告）,1947,“国民政府控制区”,军队,“战斗阵亡”,1328501,人,同上,
中国伤亡构成（1947国民政府报告）,1947,“国民政府控制区”,军队,“战斗负伤”,1769299,人,同上,
中国伤亡构成（1947国民政府报告）,1947,“国民政府控制区”,军队,“战斗失踪”,130126,人,同上,
中国伤亡构成（1947国民政府报告）,1947,“国民政府控制区”,军队,“病故”,422479,人,同上,
中国伤亡构成（1947国民政府报告）,1947,“国民政府控制区”,平民,“平民伤亡合计”,9134569,人,同上,
中国伤亡构成（1947国民政府报告）,1947,“国民政府控制区”,平民,“平民死亡”,4397504,人,同上,
中国伤亡构成（1947国民政府报告）,1947,“国民政府控制区”,平民,“平民受伤”,4739065,人,同上,
中国伤亡构成（1947国民政府报告）,1947,“国民政府控制区”,合计,“总伤亡（军队+平民）”,12784974,人,同上,“用户文本说明：不含台湾、东北与解放区等。”
